Alexander Bayandin <a.bayandin@gmail.com> <bayandin@users.noreply.github.com>
Alexander Linne <alexander.linne@outlook.com>
Anatoly Techtonik <techtonik@gmail.com>
Bob Carroll <bob.carroll@alum.rit.edu> <bobc@qti.qualcomm.com>
Brandon Milton <bmilton@fb.com> <brandon.milton21@gmail.com>
CJ Steiner <47841949+clintonsteiner@users.noreply.github.com>
Carlos Martín Nieto <cmn@dwim.me> <carlos@cmartin.tk>
Christian Boos <cboos@edgewall.org> <cboos@bct-technology.com>
Grégory Herrero <gregory.herrero@oracle.com>
Guillermo Pérez <bisho@fb.com> <bisho@freedreams.org>
Gustavo Di Pietro <pistacchio@gmail.com>
J. David Ibáñez <jdavid.ibp@gmail.com> <jdavid@itaapy.com>
Jeremy Westwood <jeremy.westwood@hexagon.com>
Jose Plana <jplana@tuenti.com> <jplana@gmail.com>
Kaarel Kitsemets <kitsemets@gmail.com>
Karl Malmros <itkalle@outlook.com> <44969574+ktpa@users.noreply.github.com>
Konstantin Baikov <konstantin.baikov@gmail.com>
Lukas Fleischer <lfleischer@lfos.de> <info@cryptocrack.de>
Martin Lenders <mlenders@elegosoft.com> <authmill@datalove.me>
Matthew Duggan <mduggan@qti.qualcomm.com> <mgithub@guarana.org>
Matthew Gamble <git@matthewgamble.net>
Matthias Bartelmeß <mba@fourplusone.de>
Mikhail Yushkovskiy <mailto@zensecurity.su>
Nabijacz Leweli <nabijaczleweli@nabijaczleweli.xyz>
Nicolas Rybowski <nicolas.rybowski@uclouvain.be>
Óscar San José <osanjose@tuenti.com>
Petr Hosek <petrhosek@gmail.com> <p.hosek@imperial.ac.uk>
Phil Schleihauf <uniphil@gmail.com>
Richo Healey <richo@psych0tik.net>
Robert Hölzl <robert.hoelzl@posteo.de>
Saugat Pachhai <suagatchhetri@outlook.com>
Sriram Raghu <imbuedhope@gmail.com> <imbuedHope@users.noreply.github.com>
Sukhman Bhuller <sbhuller@atlassian.com>
Tamir Bahar <tamir@north-bit.com> <tmr232@github>
Tamir Bahar <tamir@north-bit.com> <tmr232@users.noreply.github.com>
Victor Florea <victor@engineeredarts.co.uk>
Victor Garcia <bravejolie@gmail.com> <victor@tuenti.com>
Vlad Temian <vladtemian@gmail.com>
William Schueller <william.schueller@gmail.com> <wschuell@users.noreply.github.com>
Wim Jeantine-Glenn <hey@wimglenn.com>
Xavier Delannoy <xavier.delannoy@gmail.com>
Xu Tao <xutao881001@gmail.com>
Xu Tao <xutao881001@gmail.com> <xutao@douban.com>
